"occurrence_no","record_type","reid_no","flags","collection_no","identified_name","identified_rank","identified_no","difference","accepted_name","accepted_rank","accepted_no","early_interval","late_interval","max_ma","min_ma","reference_no"
"220170","occ","","","22712","Delphinidae indet.","family","42953","","Delphinidae","family","42953","Piacenzian","","3.6","2.588","5666"
"220758","occ","","","21917","Delphinidae indet.","family","42953","","Delphinidae","family","42953","Holocene","","0.0117","0","5234"
"220776","occ","","","21918","Delphinidae indet.","family","42953","","Delphinidae","family","42953","Holocene","","0.0117","0","5234"
"225773","occ","","","21922","Delphinidae indet.","family","42953","","Delphinidae","family","42953","Holocene","","0.0117","0","5236"
"225890","occ","","","21929","Delphinidae indet.","family","42953","","Delphinidae","family","42953","Pleistocene","","2.588","0.0117","5238"
"226041","occ","","","21952","Delphinidae indet.","family","42953","","Delphinidae","family","42953","Pleistocene","Holocene","2.588","0","5251"
"339347","occ","","","32052","Delphinus sp.","genus","36703","","Delphinus","genus","36703","Late Pliocene","","3.6","2.588","5595"
"371205","occ","","","35125","Delphinidae indet.","family","42953","","Delphinidae","family","42953","Messinian","","7.246","5.333","9455"
"418955","occ","","","40693","Delphinus delphis","species","64534","","Delphinus delphis","species","64534","Early Pleistocene","","2.588","0.781","10958"
"460994","occ","","","18573","Delphinidae indet.","family","42953","","Delphinidae","family","42953","Late Hemphillian","","10.3","4.9","2613"
"461108","occ","","","45494","n. gen. Australodelphis n. sp. mirus","species","62937","","Australodelphis mirus","species","62937","Zanclean","","5.333","3.6","11903"
"462855","occ","","","45667","Delphinidae indet.","family","42953","","Delphinidae","family","42953","Altonian","Opoitian","19","3.6","12038"
"465342","occ","","","46043","Pseudorca n. sp. yokoyamai","species","63804","","Pseudorca yokoyamai","species","63804","Calabrian","","1.806","0.781","12274"
"465343","occ","","","46044","Pseudorca yokoyamai","species","63804","","Pseudorca yokoyamai","species","63804","Pliocene","","5.333","2.588","12274"
"465458","occ","","","46067","Delphinidae indet.","family","42953","","Delphinidae","family","42953","Piacenzian","","3.6","2.588","12280"
"465602","occ","","","46083","cf. Delphinus sp.","genus","36703","","Delphinus","genus","36703","Messinian","","7.246","5.333","16797"
"465982","occ","19245","","46167","""Steno"" cudmorei","species","63970","nomen dubium","Delphinidae","family","42953","Messinian","","7.246","5.333","23666"
"467205","occ","","","46369","Delphinidae indet.","family","42953","","Delphinidae","family","42953","Zanclean","","5.333","3.6","12358"
"467899","occ","","","46523","Delphinidae indet.","family","42953","","Delphinidae","family","42953","Burdigalian","","20.44","15.97","12186"
"478173","occ","","","47427","Tursiops n. sp. miocaenus","species","69075","nomen dubium","Delphinidae","family","42953","Burdigalian","","20.44","15.97","13952"
"478286","occ","","","47461","Delphinidae ? indet.","family","42953","","Delphinidae","family","42953","Early Miocene","","23.03","15.97","12755"
"478288","occ","","","47462","""Delphinus"" n. sp. rikuzenensis","species","64589","","Delphinus rikuzenensis","species","64589","Early Pliocene","","5.333","3.6","12758"
"480701","occ","","","13079","Tursiops n. sp. oligodon","species","64802","recombined as","Hemisyntrachelus oligodon","species","64802","Messinian","","7.246","5.333","12842"
"481303","occ","19491","","48071","Delphinidae indet.","family","42953","","Delphinidae","family","42953","Miocene","","23.03","5.333","12845"
"481542","occ","","","48093","Orca citoniensis","species","67992","recombined as","Orcinus citoniensis","species","67992","Gelasian","","2.588","1.806","12874"
"481543","occ","","","48093","Globicephalus uncidens","species","69783","recombined as","Globicephala uncidens","species","89208","Gelasian","","2.588","1.806","12874"
"486149","occ","","","48645","Tursiops cortesii","species","63826","recombined as","Hemisyntrachelus cortesii","species","64535","Pliocene","","5.333","2.588","12981"
"486152","occ","","","48645","Tursiops brocchii","species","70680","","Tursiops brocchii","species","87357","Pliocene","","5.333","2.588","12981"
"486153","occ","","","48646","Steno bellardii","species","66754","subjective synonym of","Etruridelphis giulii","species","63824","Piacenzian","Gelasian","3.6","1.806","12981"
"486169","occ","","","48654","Tursiops cortesii","species","63826","recombined as","Hemisyntrachelus cortesii","species","64535","Pliocene","","5.333","2.588","12981"
"486170","occ","","","48655","Tursiops n. sp. osennae","species","63829","","Tursiops osennae","species","63829","Calabrian","","1.806","0.781","14644"
"486175","occ","","","48656","cf. Delphinus uncidens","species","295056","recombined as","Globicephala uncidens","species","89208","Serravallian","","13.82","11.62","12984"
"486176","occ","","","48656","Tursiops cf. miocaenus","species","69075","nomen dubium","Delphinidae","family","42953","Serravallian","","13.82","11.62","12984"
"487316","occ","","","48886","Tursiops sp.","genus","36865","","Tursiops","genus","36865","Late Pleistocene","","0.126","0.0117","13049"
"488669","occ","","","47425","Delphinidae indet.","family","42953","","Delphinidae","family","42953","Burdigalian","","20.44","15.97","13125"
"492087","occ","","","49673","Delphinidae ? indet.","family","42953","","Delphinidae","family","42953","Burdigalian","Langhian","20.44","13.82","13326"
"492115","occ","","","49688","Tursiops cortesii","species","63826","recombined as","Hemisyntrachelus cortesii","species","64535","Pliocene","","5.333","2.588","13332"
"492116","occ","","","47428","Tursiops sp.","genus","36865","","Tursiops","genus","36865","Piacenzian","","3.6","2.588","26039"
"492117","occ","13268","","47428","Hemisyntrachelus n. sp. pisanus","species","63828","subjective synonym of","Hemisyntrachelus cortesii","species","64535","Piacenzian","","3.6","2.588","12278"
"492118","occ","","","47428","Delphinidae indet.","family","42953","","Delphinidae","family","42953","Piacenzian","","3.6","2.588","13332"
"492119","occ","13837","","47428","Stenella giulii","species","63825","recombined as","Etruridelphis giulii","species","63824","Piacenzian","","3.6","2.588","15089"
"492120","occ","","","47428","Steno sp.","genus","36855","","Steno","genus","36855","Piacenzian","","3.6","2.588","26039"
"492122","occ","","","47428","Steno bellardii","species","66754","subjective synonym of","Etruridelphis giulii","species","63824","Piacenzian","","3.6","2.588","13332"
"492133","occ","","","49688","Steno sp.","genus","36855","","Steno","genus","36855","Pliocene","","5.333","2.588","13332"
"492134","occ","","","49688","Delphinidae indet.","family","42953","","Delphinidae","family","42953","Pliocene","","5.333","2.588","13332"
"492136","occ","","","48652","Tursiops cortesii","species","63826","recombined as","Hemisyntrachelus cortesii","species","64535","Piacenzian","","3.6","2.588","13332"
"492137","occ","","","48652","Globicephala n. sp. etruriae","species","63831","","Globicephala etruriae","species","63831","Piacenzian","","3.6","2.588","13332"
"492143","occ","","","49690","Tursiops ? sp.","genus","36865","","Tursiops","genus","36865","Pliocene","","5.333","2.588","13332"
"496010","occ","","","50068","Delphinidae indet.","family","42953","","Delphinidae","family","42953","Zanclean","","5.333","3.6","13448"
"498212","occ","","","50343","cf. Steno sp.","genus","36855","","Steno","genus","36855","Zanclean","","5.333","3.6","13520"
"502719","occ","","","13063","Delphinidae indet.","family","42953","","Delphinidae","family","42953","Langhian","","15.97","13.82","13629"
"502721","occ","","","51107","Delphinidae indet.","family","42953","","Delphinidae","family","42953","Middle Miocene","","15.97","11.608","13629"
"502729","occ","","","51110","Delphinidae indet.","family","42953","","Delphinidae","family","42953","Langhian","Serravallian","15.97","11.62","13632"
"504612","occ","","","51304","Orca n. sp. paleorca","species","66122","","Orca paleorca","species","66122","Calabrian","","1.806","0.781","13658"
"506101","occ","","","51328","Delphinidae indet.","family","42953","","Delphinidae","family","42953","Zanclean","","5.333","3.6","13672"
"506159","occ","","","51335","Delphinidae ? indet.","family","42953","","Delphinidae","family","42953","Zanclean","","5.333","3.6","13672"
"506478","occ","","","50343","Delphinidae ? indet.","family","42953","","Delphinidae","family","42953","Zanclean","","5.333","3.6","13672"
"506565","occ","","","51414","Delphinidae ? indet.","family","42953","","Delphinidae","family","42953","Early Pliocene","Late Pliocene","5.333","2.588","13672"
"513755","occ","13266","","52062","n. gen. Astadelphis gastaldii","species","95850","","Astadelphis gastaldii","species","63833","Piacenzian","","3.6","2.588","12278"
"513756","occ","28510","","52063","Astadelphis gastaldii","species","95850","","Astadelphis gastaldii","species","63833","Zanclean","Piacenzian","5.333","2.588","46337"
"513757","occ","","","52064","Stenella giulii","species","63825","recombined as","Etruridelphis giulii","species","63824","Pliocene","","5.333","2.588","12278"
"513758","occ","","","52065","Stenella sp.","genus","102903","","Stenella","genus","36854","Pliocene","","5.333","2.588","12278"
"513759","occ","","","52066","n. gen. Hemisyntrachelus n. sp. cortesii","species","63827","","Hemisyntrachelus cortesii","species","64535","Pliocene","","5.333","2.588","12278"
"513760","occ","","","52067","Orcinus citoniensis","species","63830","","Orcinus citoniensis","species","67992","Pliocene","","5.333","2.588","12278"
"515486","occ","","","52185","Delphinidae indet.","family","42953","","Delphinidae","family","42953","Tortonian","","11.62","7.246","6029"
"515832","occ","","","52184","Delphinidae indet.","family","42953","","Delphinidae","family","42953","Tortonian","","11.62","7.246","6029"
"516012","occ","","","52218","Stenella sp.","genus","102903","","Stenella","genus","36854","Piacenzian","","3.6","2.588","6029"
"518067","occ","","","52580","cf. Lagenorhynchus sp.","genus","36746","","Lagenorhynchus","genus","36746","Zanclean","","5.333","3.6","13621"
"518070","occ","","","52582","aff. Lagenorhynchus sp.","genus","36746","","Lagenorhynchus","genus","36746","Zanclean","","5.333","3.6","14141"
"518071","occ","","","48093","Lagenorhynchus acutus","species","63821","recombined as","Leucopleurus acutus","species","102679","Gelasian","","2.588","1.806","14141"
"518527","occ","","","52671","Orcinus sp.","genus","36787","","Orcinus","genus","36787","Early Pleistocene","","2.588","0.781","14162"
"520934","occ","","","28039","Pseudorca sp.","genus","36837","","Pseudorca","genus","36837","Waipipian","","3.6","3","14399"
"520935","occ","","","28039","Orcinus sp.","genus","36787","","Orcinus","genus","36787","Waipipian","","3.6","3","14399"
"520936","occ","","","28039","Delphinus aff. delphis","species","64534","","Delphinus delphis","species","64534","Waipipian","","3.6","3","14399"
"520937","occ","","","28039","Delphinus sp.","genus","36703","","Delphinus","genus","36703","Waipipian","","3.6","3","14399"
"520940","occ","","","28039","Delphinidae indet.","family","42953","","Delphinidae","family","42953","Waipipian","","3.6","3","14399"
"527930","occ","","","53882","Delphinidae indet.","family","42953","","Delphinidae","family","42953","Miocene","","23.03","5.333","14508"
"527931","occ","","","53883","Delphinidae indet.","family","42953","","Delphinidae","family","42953","Late Miocene","","11.608","5.333","14509"
"528203","occ","","","53930","Tursiops cortesii","species","63826","recombined as","Hemisyntrachelus cortesii","species","64535","Miocene","Pliocene","23.03","2.588","14545"
"529513","occ","","","54099","Orca n. sp. citoniensis","species","67992","recombined as","Orcinus citoniensis","species","67992","Piacenzian","","3.6","2.588","14619"
"530155","occ","","","54129","Lagenorhynchus obliquidens","species","63815","invalid subgroup of","Lissodelphininae","subfamily","63525","Holocene","","0.0117","0","14632"
"530156","occ","","","54129","Delphinus delphis","species","64534","","Delphinus delphis","species","64534","Holocene","","0.0117","0","14632"
"530157","occ","","","54129","Tursiops truncatus","species","64472","","Tursiops truncatus","species","102834","Holocene","","0.0117","0","14632"
"530158","occ","","","54129","Pseudorca crassidens","species","64544","","Pseudorca crassidens","species","64543","Holocene","","0.0117","0","14632"
"530159","occ","","","54129","Globicephala macrorhynchus","species","69995","","Globicephala macrorhynchus","species","69994","Holocene","","0.0117","0","14632"
"530160","occ","","","54129","Grampus griseus","species","63557","","Grampus griseus","species","63556","Holocene","","0.0117","0","14632"
"530293","occ","","","54157","Tursiops cortesii","species","63826","recombined as","Hemisyntrachelus cortesii","species","64535","Pliocene","","5.333","2.588","14642"
"530530","occ","","","54186","Globicephala sp.","genus","36721","","Globicephala","genus","36721","Late Miocene","Early Pliocene","11.608","3.6","14661"
"536114","occ","","","55451","Delphinus sp.","genus","36703","","Delphinus","genus","36703","Neogene","","23.03","2.588","14950"
"536115","occ","","","55451","Stenella sp.","genus","102903","","Stenella","genus","36854","Neogene","","23.03","2.588","14950"
"536116","occ","","","55451","Grampus griseus","species","63557","","Grampus griseus","species","63556","Neogene","","23.03","2.588","14950"
"536654","occ","","","55533","Delphinus delphis","species","64534","","Delphinus delphis","species","64534","Holocene","","0.0117","0","14999"
"536655","occ","","","55533","Tursiops truncatus","species","64472","","Tursiops truncatus","species","102834","Holocene","","0.0117","0","14999"
"536660","occ","","","55535","Delphinidae indet.","family","42953","","Delphinidae","family","42953","Messinian","","7.246","5.333","15001"
"536684","occ","","","55542","Tursiops capellinii","species","71644","","Tursiops capellinii","species","71644","Piacenzian","","3.6","2.588","15006"
"536896","occ","","","55605","Tursiops sp.","genus","36865","","Tursiops","genus","36865","Holocene","","0.0117","0","15019"
"537012","occ","","","55643","Delphinidae indet.","family","42953","","Delphinidae","family","42953","Zanclean","","5.333","3.6","14859"
"537893","occ","","","55759","Hemisyntrachelus cortesii","species","63827","","Hemisyntrachelus cortesii","species","64535","Piacenzian","","3.6","2.588","15062"
"541354","occ","","","56640","Delphinus delphis","species","64534","","Delphinus delphis","species","64534","Pliocene","","5.333","2.588","15246"
"545025","occ","","","13079","Globicephalinae indet.","subfamily","63528","","Globicephalinae","subfamily","102698","Messinian","","7.246","5.333","15398"
"545064","occ","15676","","57058","n. gen. Arimidelphis n. sp. sorbinii","species","70033","","Arimidelphis sorbinii","species","70033","Piacenzian","Gelasian","3.6","1.806","15589"
"545721","occ","","","57138","Delphinus sp.","genus","36703","","Delphinus","genus","36703","Pliocene","","5.333","2.588","15444"
"546025","occ","","","57177","Globicephalus n. sp. baereckeii","species","69230","subjective synonym of","Globicephala macrorhynchus","species","69994","Calabrian","","1.806","0.781","15425"
"557587","occ","","","52582","Stenella sp.","genus","102903","","Stenella","genus","36854","Zanclean","","5.333","3.6","6011"
"557588","occ","","","52582","Pseudorca sp.","genus","36837","","Pseudorca","genus","36837","Zanclean","","5.333","3.6","6011"
"557589","occ","","","52582","Tursiops sp.","genus","36865","","Tursiops","genus","36865","Zanclean","","5.333","3.6","6011"
"557590","occ","","","52582","Globicephala sp.","genus","36721","","Globicephala","genus","36721","Zanclean","","5.333","3.6","6011"
"557591","occ","","","52582","cf. Delphinus sp.","genus","36703","","Delphinus","genus","36703","Zanclean","","5.333","3.6","6011"
"557652","occ","","","57779","Stenella sp.","genus","102903","","Stenella","genus","36854","Pliocene","","5.333","2.588","15591"
"558462","occ","","","57979","""Stenella"" sp.","genus","102903","","Stenella","genus","36854","Pliocene","","5.333","2.588","15591"
"558468","occ","","","57981","Stenella sp.","genus","102903","","Stenella","genus","36854","Pliocene","","5.333","2.588","15591"
"559104","occ","","","58109","Phocaena n. sp. crassidens","species","64543","recombined as","Pseudorca crassidens","species","64543","Late Pleistocene","","0.126","0.0117","12774"
"560684","occ","20153","","58418","Tursiops cortesii","species","63826","recombined as","Hemisyntrachelus cortesii","species","64535","Pliocene","","5.333","2.588","13332"
"564742","occ","","","19703","Delphinidae indet.","family","42953","","Delphinidae","family","42953","Piacenzian","","3.6","2.588","1360"
"565357","occ","","","46083","cf. Stenella sp.","genus","102903","","Stenella","genus","36854","Messinian","","7.246","5.333","16797"
"583616","occ","","","21695","Delphinidae indet.","family","42953","","Delphinidae","family","42953","Pleistocene","","2.588","0.0117","17685"
"608454","occ","","","20636","cf. Tursiops sp.","genus","36865","","Tursiops","genus","36865","Late Pleistocene","","0.126","0.0117","18730"
"610346","occ","","","65405","Tursiops cf. truncatus","species","64472","","Tursiops truncatus","species","102834","Pleistocene","","2.588","0.0117","18853"
"613845","occ","","","65985","Delphinidae indet.","family","42953","","Delphinidae","family","42953","Miocene","","23.03","5.333","18909"
"614663","occ","","","65174","Hemisyntrachelus sp.","genus","36724","","Hemisyntrachelus","genus","87353","Pleistocene","","2.588","0.0117","15045"
"614668","occ","","","66067","Hemisyntrachelus sp.","genus","36724","","Hemisyntrachelus","genus","87353","Piacenzian","Gelasian","3.6","1.806","15045"
"614669","occ","","","66068","Hemisyntrachelus sp.","genus","36724","","Hemisyntrachelus","genus","87353","Piacenzian","Gelasian","3.6","1.806","15045"
"616589","occ","","","66306","Delphinus n. sp. karsteni","species","87420","recombined as","Globicephalus karsteni","species","87420","Neogene","","23.03","2.588","18971"
"623389","occ","","","67108","Tursiops n. sp. capellinii","species","71644","","Tursiops capellinii","species","71644","Zanclean","","5.333","3.6","19138"
"632288","occ","","","68029","Orcaella brevirostris","species","108775","","Orcaella brevirostris","species","63582","Holocene","","0.0117","0","19476"
"632290","occ","","","68030","Steno bredanensis","species","64536","","Steno bredanensis","species","63567","Holocene","","0.0117","0","19477"
"632291","occ","","","68030","Stenella longirostris","species","82057","","Stenella longirostris","species","82058","Holocene","","0.0117","0","19477"
"632293","occ","","","68031","Sotalia guianensis","species","69750","subjective synonym of","Sotalia fluviatilis","species","94788","Holocene","","0.0117","0","19478"
"643857","occ","","","69528","Delphinidae indet.","family","42953","","Delphinidae","family","42953","Messinian","","7.246","5.333","23345"
"643871","occ","","","56738","Delphinidae indet.","family","42953","","Delphinidae","family","42953","MN 6","","13.65","12.75","23346"
"643955","occ","","","69541","Delphinus delphis","species","64534","","Delphinus delphis","species","64534","Gelasian","","2.588","1.806","23350"
"645729","occ","","","69731","Hemisyntrachelus sp.","genus","36724","","Hemisyntrachelus","genus","87353","Zanclean","","5.333","3.6","23394"
"650873","occ","","","70360","Delphinidae indet.","family","42953","","Delphinidae","family","42953","Early Miocene","","23.03","15.97","23602"
"653253","occ","","","51328","cf. Tursiops sp.","genus","36865","","Tursiops","genus","36865","Zanclean","","5.333","3.6","23666"
"653254","occ","","","51328","Delphinus sp.","genus","36703","","Delphinus","genus","36703","Zanclean","","5.333","3.6","23666"
"661548","occ","","","71269","Sotalia sp.","genus","63558","","Sotalia","genus","63558","Holocene","","0.0117","0","24063"
"666829","occ","","","71801","Delphinidae indet.","family","42953","","Delphinidae","family","42953","Langhian","","15.97","13.82","24251"
"666830","occ","","","70819","Delphinidae indet.","family","42953","","Delphinidae","family","42953","Langhian","","15.97","13.82","24251"
"666831","occ","","","45506","Delphinidae indet.","family","42953","","Delphinidae","family","42953","Langhian","","15.97","13.82","24251"
"666904","occ","","","71615","Delphinidae indet.","family","42953","","Delphinidae","family","42953","Langhian","","15.97","13.82","24251"
"666905","occ","","","71813","Delphinidae indet.","family","42953","","Delphinidae","family","42953","Langhian","","15.97","13.82","24251"
"666906","occ","","","71809","Delphinidae indet.","family","42953","","Delphinidae","family","42953","Langhian","","15.97","13.82","24251"
"683543","occ","","","73686","Globicephala macrorhynchus","species","69995","","Globicephala macrorhynchus","species","69994","Late Pleistocene","","0.126","0.0117","24700"
"683650","occ","22820","","55827","Delphinidae indet.","family","42953","","Delphinidae","family","42953","Zanclean","","5.333","3.6","12845"
"683652","occ","","","73730","Tursiops tursio","species","69756","subjective synonym of","Tursiops truncatus","species","102834","Pleistocene","","2.588","0.0117","24709"
"683675","occ","","","20624","aff. Tursiops sp.","genus","36865","","Tursiops","genus","36865","Rancholabrean","","0.3","0.012","2588"
"693851","occ","","","74757","cf. Orcinus sp.","genus","36787","","Orcinus","genus","36787","Nukumaruan","","2.4","1.63","25068"
"693852","occ","","","74757","cf. Pseudorca sp.","genus","36837","","Pseudorca","genus","36837","Nukumaruan","","2.4","1.63","25068"
"699721","occ","","","75142","Pseudorca crassidens","species","64544","","Pseudorca crassidens","species","64543","Holocene","","0.0117","0","25368"
"699722","occ","","","75142","Tursiops truncatus","species","64472","","Tursiops truncatus","species","102834","Holocene","","0.0117","0","25368"
"706233","occ","","","75784","Delphininae indet.","subfamily","63524","","Delphininae","subfamily","63524","Blancan","","4.9","1.8","12297"
"706235","occ","","","20624","Lagenorhynchus sp.","genus","36746","","Lagenorhynchus","genus","36746","Rancholabrean","","0.3","0.012","12297"
"708969","occ","","","75973","Globicephalus sp.","genus","69229","misspelling of, obsolete variant of","Globicephala","genus","36721","Holocene","","0.0117","0","25706"
"709196","occ","26847","","75993","Stenella n. sp. kabatensis","species","136478","recombined as","Eodelphinus kabatensis","species","136478","Late Miocene","","11.608","5.333","14508"
"709198","occ","","","56358","Orcinus orca","species","64541","","Orcinus orca","species","64540","Early Pliocene","","5.333","3.6","12148"
"709240","occ","","","76002","Orcinus sp.","genus","36787","","Orcinus","genus","36787","Early Pleistocene","","2.588","0.781","12148"
"709258","occ","","","76011","Delphinidae indet.","family","42953","","Delphinidae","family","42953","Late Pliocene","","3.6","2.588","12148"
"709264","occ","","","76013","Grampus griseus","species","63557","","Grampus griseus","species","63556","Early Pliocene","","5.333","3.6","12148"
"709267","occ","","","56950","Delphinidae indet.","family","42953","","Delphinidae","family","42953","Tortonian","","11.62","7.246","12148"
"709270","occ","","","56942","Delphinidae indet.","family","42953","","Delphinidae","family","42953","Early Pliocene","Late Pliocene","5.333","2.588","12148"
"709273","occ","","","76018","Delphinidae indet.","family","42953","","Delphinidae","family","42953","Pleistocene","","2.588","0.0117","12148"
"709274","occ","","","76019","Orca paleorca","species","66122","","Orca paleorca","species","66122","Early Pleistocene","","2.588","0.781","12148"
"709275","occ","","","76020","Pseudorca yokoyamai","species","63804","","Pseudorca yokoyamai","species","63804","Early Pleistocene","","2.588","0.781","12148"
"709276","occ","","","76021","Orcinus sp.","genus","36787","","Orcinus","genus","36787","Middle Pleistocene","","0.781","0.126","12148"
"709281","occ","","","76023","Delphinidae indet.","family","42953","","Delphinidae","family","42953","Early Pleistocene","","2.588","0.781","12148"
"709282","occ","","","76023","Stenella sp.","genus","102903","","Stenella","genus","36854","Early Pleistocene","","2.588","0.781","12148"
"709285","occ","","","76024","Pseudorca yokoyamai","species","63804","","Pseudorca yokoyamai","species","63804","Early Pleistocene","","2.588","0.781","12148"
"709289","occ","","","76027","Delphinidae indet.","family","42953","","Delphinidae","family","42953","Piacenzian","","3.6","2.588","12148"
"709290","occ","","","76027","Globiocephalinae indet.","subfamily","102879","obsolete variant of","Globicephalinae","subfamily","102698","Piacenzian","","3.6","2.588","12148"
"709766","occ","","","76033","Delphinidae indet.","family","42953","","Delphinidae","family","42953","Middle Miocene","","15.97","11.608","12148"
"709768","occ","","","56305","Delphinidae indet.","family","42953","","Delphinidae","family","42953","Langhian","","15.97","13.82","12148"
"709799","occ","","","53885","Delphinidae indet.","family","42953","","Delphinidae","family","42953","Pliocene","","5.333","2.588","12148"
"709816","occ","","","76037","Delphinidae indet.","family","42953","","Delphinidae","family","42953","Pliocene","","5.333","2.588","12148"
"709827","occ","","","76039","Delphinidae indet.","family","42953","","Delphinidae","family","42953","Pliocene","","5.333","2.588","12148"
"709841","occ","","","76042","Stenella longirostris","species","82057","","Stenella longirostris","species","82058","Holocene","","0.0117","0","12148"
"715940","occ","","","76844","Delphinidae indet.","family","42953","","Delphinidae","family","42953","Early Pleistocene","","2.588","0.781","25983"
"715941","occ","","","76845","Delphinidae indet.","family","42953","","Delphinidae","family","42953","Neogene","","23.03","2.588","25983"
"717770","occ","","","47428","Delphinus brocchii","species","70676","obsolete variant of","Tursiops brocchii","species","87357","Piacenzian","","3.6","2.588","26035"
"722390","occ","","","77492","cf. Tursiops sp.","genus","36865","","Tursiops","genus","36865","Zanclean","","5.333","3.6","26217"
"722391","occ","","","77492","Delphinus sp.","genus","36703","","Delphinus","genus","36703","Zanclean","","5.333","3.6","26217"
"722465","occ","","","52582","Delphinus sp.","genus","36703","","Delphinus","genus","36703","Zanclean","","5.333","3.6","26220"
"722466","occ","","","52582","Lagenorhynchus n. sp. harmatuki","species","114702","","Lagenorhynchus harmatuki","species","114702","Zanclean","","5.333","3.6","26220"
"722467","occ","","","52582","Lagenorhynchus sp.","genus","36746","","Lagenorhynchus","genus","36746","Zanclean","","5.333","3.6","26220"
"722468","occ","","","52582","Stenella n. sp. rayi","species","114703","","Stenella rayi","species","114703","Zanclean","","5.333","3.6","26220"
"722469","occ","","","52582","cf. Stenella sp.","genus","102903","","Stenella","genus","36854","Zanclean","","5.333","3.6","26220"
"722470","occ","","","52582","Tursiops sp.","genus","36865","","Tursiops","genus","36865","Zanclean","","5.333","3.6","26220"
"722471","occ","","","52582","Globicephala sp.","genus","36721","","Globicephala","genus","36721","Zanclean","","5.333","3.6","26220"
"722472","occ","","","52582","Pseudorca sp.","genus","36837","","Pseudorca","genus","36837","Zanclean","","5.333","3.6","26220"
"722500","occ","","","52582","Delphinidae indet.","family","42953","","Delphinidae","family","42953","Zanclean","","5.333","3.6","26221"
"722501","occ","","","52582","cf. Delphinidae indet.","family","42953","","Delphinidae","family","42953","Zanclean","","5.333","3.6","26221"
"724130","occ","","","58419","Delphinus sp.","genus","36703","","Delphinus","genus","36703","Middle Pleistocene","","0.781","0.126","26261"
"742081","occ","","","79757","Pseudorca crassidens","species","64544","","Pseudorca crassidens","species","64543","Rancholabrean","","0.3","0.012","26822"
"745051","occ","","","79916","cf. Orcinus orca","species","64541","","Orcinus orca","species","64540","Holocene","","0.0117","0","26852"
"745279","occ","","","79949","Globicephala macrorhyncha","species","149111","recombined as","Globicephala macrorhynchus","species","69994","Pleistocene","","2.588","0.0117","26872"
"750053","occ","","","80237","Delphinidae indet.","family","42953","","Delphinidae","family","42953","Neogene","","23.03","2.588","26984"
"751288","occ","","","80382","Delphinus sp.","genus","36703","","Delphinus","genus","36703","Neogene","","23.03","2.588","27035"
"753626","occ","","","80694","Globicephalinae indet.","subfamily","63528","","Globicephalinae","subfamily","102698","Miocene","","23.03","5.333","27140"
"768342","occ","","","82087","Sousa chinensis","species","63566","","Sousa chinensis","species","82053","Holocene","","0.0117","0","27681"
"768343","occ","","","82087","Tursiops aduncus","species","69767","","Tursiops aduncus","species","69766","Holocene","","0.0117","0","27681"
"768353","occ","","","82088","Orcinus orca","species","64541","","Orcinus orca","species","64540","Holocene","","0.0117","0","27682"
"768354","occ","","","82088","Lagenorhynchus obliquidens","species","63815","invalid subgroup of","Lissodelphininae","subfamily","63525","Holocene","","0.0117","0","27682"
"768357","occ","","","82089","Peponocephala electra","species","63581","","Peponocephala electra","species","63580","Holocene","","0.0117","0","27683"
"768358","occ","","","82090","Peponocephala electra","species","63581","","Peponocephala electra","species","63580","Holocene","","0.0117","0","27683"
"768359","occ","","","82091","Lagenodelphis hosei","species","63574","","Lagenodelphis hosei","species","63574","Holocene","","0.0117","0","27684"
"768360","occ","","","82092","Feresa attenuata","species","63583","","Feresa attenuata","species","63583","Holocene","","0.0117","0","27685"
"768361","occ","","","82093","Cephalorhynchus commersoni","species","64537","","Cephalorhynchus commersoni","species","63576","Holocene","","0.0117","0","27686"
"770674","occ","","","53897","Tursiops truncatus","species","64472","","Tursiops truncatus","species","102834","Calabrian","","1.806","0.781","27789"
"777660","occ","","","83454","Tursiops aduncus","species","69767","","Tursiops aduncus","species","69766","Holocene","","0.0117","0","27683"
"777664","occ","","","83457","Tursiops sp.","genus","36865","","Tursiops","genus","36865","Holocene","","0.0117","0","27683"
"777668","occ","","","83458","Tursiops sp.","genus","36865","","Tursiops","genus","36865","Holocene","","0.0117","0","27683"
"777679","occ","","","83454","Globicephala macrorhynchus","species","69995","","Globicephala macrorhynchus","species","69994","Holocene","","0.0117","0","27683"
"777711","occ","","","83473","Globicephala macrorhynchus","species","69995","","Globicephala macrorhynchus","species","69994","Holocene","","0.0117","0","27683"
"777712","occ","","","83474","Globicephala macrorhynchus","species","69995","","Globicephala macrorhynchus","species","69994","Holocene","","0.0117","0","27683"
"777713","occ","","","83475","Globicephala sp.","genus","36721","","Globicephala","genus","36721","Holocene","","0.0117","0","27683"
"777739","occ","","","83500","Stenella longirostris","species","82057","","Stenella longirostris","species","82058","Holocene","","0.0117","0","27683"
"777740","occ","","","83501","Stenella longirostris","species","82057","","Stenella longirostris","species","82058","Holocene","","0.0117","0","27683"
"786792","occ","","","84891","cf. Lissodelphis sp.","genus","63570","","Lissodelphis","genus","63570","Rancholabrean","","0.3","0.012","2018"
"786795","occ","","","20639","Delphinidae indet.","family","42953","","Delphinidae","family","42953","Late Pleistocene","","0.126","0.0117","2018"
"786806","occ","","","84895","Delphinidae indet.","family","42953","","Delphinidae","family","42953","Rancholabrean","","0.3","0.012","2018"
"786811","occ","","","84896","cf. Tursiops sp.","genus","36865","","Tursiops","genus","36865","Rancholabrean","","0.3","0.012","2018"
"786817","occ","","","20630","Delphinidae indet.","family","42953","","Delphinidae","family","42953","Rancholabrean","","0.3","0.012","2018"
"786934","occ","","","84942","Lissodelphis n. sp. peronii","species","82071","","Lissodelphis peronii","species","82070","Holocene","","0.0117","0","12161"
"786935","occ","","","84943","Lissodelphis n. sp. borealis","species","63572","","Lissodelphis borealis","species","63571","Holocene","","0.0117","0","12161"
"786937","occ","","","67108","Delphinus n. sp. cortesii","species","64535","recombined as","Hemisyntrachelus cortesii","species","64535","Zanclean","","5.333","3.6","18166"
"786938","occ","","","84944","Delphinus n. sp. brocchii","species","70676","obsolete variant of","Tursiops brocchii","species","87357","Piacenzian","","3.6","2.588","24153"
"787237","occ","","","38499","Stenella sp.","genus","102903","","Stenella","genus","36854","Early Pleistocene","","2.588","0.781","28532"
"787332","occ","","","57731","Tursiops cortesii","species","63826","recombined as","Hemisyntrachelus cortesii","species","64535","Zanclean","Piacenzian","5.333","2.588","19618"
"787340","occ","21120","","48652","Delphinidae indet.","family","42953","","Delphinidae","family","42953","Piacenzian","","3.6","2.588","28550"
"787341","occ","21140","","48652","Delphinidae indet.","family","42953","","Delphinidae","family","42953","Piacenzian","","3.6","2.588","28550"
"787342","occ","","","85022","Tursiops cortesii","species","63826","recombined as","Hemisyntrachelus cortesii","species","64535","Zanclean","","5.333","3.6","15407"
"787343","occ","","","76977","Tursiops cortesii","species","63826","recombined as","Hemisyntrachelus cortesii","species","64535","Pliocene","","5.333","2.588","15407"
"787344","occ","","","71101","Tursiops cortesii","species","63826","recombined as","Hemisyntrachelus cortesii","species","64535","Piacenzian","","3.6","2.588","15407"
"787653","occ","","","56686","Delphinus n. sp. domeykoi","species","70701","","Delphinus domeykoi","species","70701","Zanclean","","5.333","3.6","16568"
"788241","occ","","","58420","Orca gladiator","species","69787","subjective synonym of","Orcinus orca","species","64540","Early Pleistocene","","2.588","0.781","28641"
"788242","occ","","","77754","Pseudorca crassidens","species","64544","","Pseudorca crassidens","species","64543","Middle Pleistocene","","0.781","0.126","28641"
"788246","occ","","","77750","Tursiops tursio","species","69756","subjective synonym of","Tursiops truncatus","species","102834","Early Pleistocene","","2.588","0.781","28641"
"794915","occ","","","86305","Tursiops cortesii","species","63826","recombined as","Hemisyntrachelus cortesii","species","64535","Piacenzian","","3.6","2.588","19618"
"795243","occ","","","86331","Delphinidae indet.","family","42953","","Delphinidae","family","42953","Late Pleistocene","","0.126","0.0117","29092"
"796315","occ","21285","","52059","Delphinidae indet.","family","42953","","Delphinidae","family","42953","Pliocene","","5.333","2.588","12278"
"798704","occ","","","86877","Delphinus n. sp. guianensis","species","71645","subjective synonym of","Sotalia fluviatilis","species","94788","Holocene","","0.0117","0","12161"
"798705","occ","","","86878","Sotalia n. sp. brasiliensis","species","69751","subjective synonym of","Sotalia fluviatilis","species","94788","Holocene","","0.0117","0","12161"
"798706","occ","","","86879","Sotalia n. sp. borneensis","species","94784","subjective synonym of","Sousa chinensis","species","82053","Holocene","","0.0117","0","12161"
"798707","occ","","","86880","Sotalia n. sp. chinensis","species","82054","recombined as","Sousa chinensis","species","82053","Holocene","","0.0117","0","12161"
"798708","occ","","","86881","Delphinus n. sp. fluviatilis","species","94788","recombined as","Sotalia fluviatilis","species","94788","Holocene","","0.0117","0","12161"
"798709","occ","","","86882","Delphinus (Steno) n. sp. lentiginosus","species","103705","subjective synonym of","Sousa chinensis","species","82053","Holocene","","0.0117","0","12161"
"798710","occ","","","86883","Sotalia n. sp. teuszii","species","69752","recombined as","Sousa teuszii","species","69752","Holocene","","0.0117","0","12161"
"798711","occ","","","86884","Delphinus n. sp. plumbeus","species","94786","recombined as","Sousa plumbea","species","94786","Holocene","","0.0117","0","12161"
"798712","occ","","","86873","Delphinus n. sp. coeruleoalbus","species","82061","recombined as","Stenella coeruleoalba","species","82061","Holocene","","0.0117","0","12161"
"798714","occ","","","86886","Delphinus n. sp. frontalis","species","82055","recombined as","Stenella frontalis","species","82055","Holocene","","0.0117","0","12161"
"798715","occ","","","86887","Prodelphinus n. sp. graffmani","species","112982","subjective synonym of","Delphinus attenuata","species","93945","Holocene","","0.0117","0","12161"
"798716","occ","","","86888","Stenella n. sp. pernettyi","species","146051","nomen oblitum","Delphinus","genus","36703","Holocene","","0.0117","0","12161"
"798717","occ","","","86889","Delphinus n. sp. aduncus","species","69766","recombined as","Tursiops aduncus","species","69766","Holocene","","0.0117","0","12161"
"798719","occ","","","86890","Delphinus n. sp. truncatus","species","64471","recombined as","Tursiops truncatus","species","102834","Holocene","","0.0117","0","12161"
"798720","occ","","","86891","Tursiops n. sp. gilli","species","90628","recombined as","Tursiops truncatus gillii","subspecies","69770","Holocene","","0.0117","0","12161"
"798722","occ","","","86893","Lagenodelphis n. sp. hosei","species","63574","","Lagenodelphis hosei","species","63574","Holocene","","0.0117","0","12161"
"798725","occ","","","86894","Delphinus n. sp. tursio","species","142135","replaced by","Lagenorhynchus albirostris","species","93926","Holocene","","0.0117","0","12161"
"798726","occ","","","86895","Lagenorhynchus n. sp. obliquidens","species","63815","invalid subgroup of","Lissodelphininae","subfamily","63525","Holocene","","0.0117","0","12161"
"798727","occ","","","86896","Delphinus n. sp. eutropia","species","82040","recombined as","Cephalorhynchus eutropia","species","82040","Holocene","","0.0117","0","12161"
"798728","occ","","","86897","Delphinus (Grampus) n. sp. heavisidei","species","82043","species not entered","Grampus","genus","82043","Holocene","","0.0117","0","12161"
"798729","occ","","","86882","Orca (Orcaella) n. sp. brevirostris","species","63582","recombined as","Orcaella brevirostris","species","63582","Holocene","","0.0117","0","12161"
"798730","occ","","","86898","Delphinus n. sp. griseus","species","63556","recombined as","Grampus griseus","species","63556","Holocene","","0.0117","0","12161"
"798731","occ","","","86899","Delphinus n. sp. melas","species","64473","recombined as","Globicephala melas","species","64473","Holocene","","0.0117","0","12161"
"798732","occ","","","86900","Delphinus n. sp. globiceps","species","142137","subjective synonym of","Globicephala macrorhynchus","species","69994","Holocene","","0.0117","0","12161"
"803459","occ","","","87489","Delphinidae indet.","family","42953","","Delphinidae","family","42953","Zanclean","","5.333","3.6","29458"
"804481","occ","","","76977","Delphinus sp.","genus","36703","","Delphinus","genus","36703","Pliocene","","5.333","2.588","29503"
"804663","occ","","","87788","Delphinus sp.","genus","36703","","Delphinus","genus","36703","Pliocene","","5.333","2.588","29503"
"804664","occ","","","87788","Tursiops sp.","genus","36865","","Tursiops","genus","36865","Pliocene","","5.333","2.588","29503"
"805117","occ","","","87865","Lagenorhynchus sp.","genus","36746","","Lagenorhynchus","genus","36746","Tortonian","Messinian","11.62","5.333","12682"
"805118","occ","","","87865","Delphinidae indet.","family","42953","","Delphinidae","family","42953","Tortonian","Messinian","11.62","5.333","12682"
"805235","occ","","","87884","Delphinidae indet.","family","42953","","Delphinidae","family","42953","Waipipian","","3.6","3","29543"
"805236","occ","","","87885","Globicephala sp.","genus","36721","","Globicephala","genus","36721","Late Miocene","Pliocene","11.608","2.588","29544"
"805299","occ","","","87884","Delphinus aff. delphis","species","64534","","Delphinus delphis","species","64534","Waipipian","","3.6","3","29544"
"805300","occ","","","87896","Pseudorca ? sp.","genus","36837","","Pseudorca","genus","36837","Late Pliocene","","3.6","2.588","29544"
"805301","occ","","","74757","Delphinidae indet.","family","42953","","Delphinidae","family","42953","Nukumaruan","","2.4","1.63","29544"
"805311","occ","","","87897","Delphinidae indet.","family","42953","","Delphinidae","family","42953","Late Pleistocene","","0.126","0.0117","29544"
"813340","occ","","","89447","Stenella sp.","genus","102903","","Stenella","genus","36854","Zanclean","","5.333","3.6","16749"
"813341","occ","","","89447","Lissodelphis sp.","genus","63570","","Lissodelphis","genus","63570","Zanclean","","5.333","3.6","16749"
"813342","occ","","","89447","Hemisyntrachelus sp.","genus","36724","","Hemisyntrachelus","genus","87353","Zanclean","","5.333","3.6","16749"
"813343","occ","","","89447","Globicephala sp.","genus","36721","","Globicephala","genus","36721","Zanclean","","5.333","3.6","16749"
"819169","occ","","","90036","Delphinus delphis","species","64534","","Delphinus delphis","species","64534","Late Pleistocene","","0.126","0.0117","30172"
"819170","occ","","","90036","Delphinidae indet.","family","42953","","Delphinidae","family","42953","Late Pleistocene","","0.126","0.0117","30172"
"819171","occ","","","90036","Tursiops truncatus","species","64472","","Tursiops truncatus","species","102834","Late Pleistocene","","0.126","0.0117","30172"
"819714","occ","","","90111","Orcinus orca","species","64541","","Orcinus orca","species","64540","Holocene","","0.0117","0","30226"
"826801","occ","","","91183","n. gen. Protoglobicephala n. sp. mexicana","species","153756","","Protoglobicephala mexicana","species","153756","Piacenzian","","3.6","2.588","30676"
"841634","occ","","","93310","n. gen. Etruridelphis giulii","species","161692","","Etruridelphis giulii","species","63824","Zanclean","","5.333","3.6","31571"
"872542","occ","","","96706","Globicephala melas","species","64474","","Globicephala melas","species","64473","Late Pleistocene","","0.126","0.0117","32979"
"875015","occ","","","96973","Delphinidae indet.","family","42953","","Delphinidae","family","42953","Holocene","","0.0117","0","33119"
"883983","occ","","","59273","Delphinus sp.","genus","36703","","Delphinus","genus","36703","Zanclean","Piacenzian","5.333","2.588","16958"
"897367","occ","","","99585","Delphinidae indet.","family","42953","","Delphinidae","family","42953","Neogene","","23.03","2.588","27111"
"897479","occ","","","99613","Globicephalus sp.","genus","69229","misspelling of, obsolete variant of","Globicephala","genus","36721","Neogene","","23.03","2.588","27111"
"897500","occ","","","99614","Delphinidae indet.","family","42953","","Delphinidae","family","42953","Neogene","","23.03","2.588","27111"
"897501","occ","","","99615","Delphinidae indet.","family","42953","","Delphinidae","family","42953","Neogene","","23.03","2.588","27111"
"897512","occ","","","99587","Delphinidae indet.","family","42953","","Delphinidae","family","42953","Neogene","","23.03","2.588","34259"
"897516","occ","","","99623","Delphinus sp.","genus","36703","","Delphinus","genus","36703","Neogene","","23.03","2.588","34259"
"897517","occ","","","99623","Globiocephalus sp.","genus","102699","subjective synonym of","Globicephala","genus","36721","Neogene","","23.03","2.588","34259"
"897518","occ","","","99582","Globiocephalus sp.","genus","102699","subjective synonym of","Globicephala","genus","36721","Neogene","","23.03","2.588","34259"
"897519","occ","","","99582","Delphinidae indet.","family","42953","","Delphinidae","family","42953","Neogene","","23.03","2.588","34259"
"897522","occ","","","99584","Globiocephalus sp.","genus","102699","subjective synonym of","Globicephala","genus","36721","Neogene","","23.03","2.588","34259"
"897523","occ","","","99584","Delphinus sp.","genus","36703","","Delphinus","genus","36703","Neogene","","23.03","2.588","34259"
"897526","occ","","","99586","Delphinus sp.","genus","36703","","Delphinus","genus","36703","Neogene","","23.03","2.588","34259"
"897527","occ","","","99586","Globiocephalus sp.","genus","102699","subjective synonym of","Globicephala","genus","36721","Neogene","","23.03","2.588","34259"
"899245","occ","","","100131","Delphinus domeykoi","species","70701","","Delphinus domeykoi","species","70701","Middle Miocene","Late Pliocene","15.97","2.588","34357"
"899246","occ","","","100132","Globicephala sp.","genus","36721","","Globicephala","genus","36721","Middle Miocene","Late Pliocene","15.97","2.588","34357"
"933997","occ","","","107396","n. gen. Platalearostrum n. sp. hoekmani","species","182301","","Platalearostrum hoekmani","species","182301","Late Pliocene","Early Pleistocene","3.6","0.781","35743"
"933999","occ","","","107397","aff. Globicephala sp.","genus","36721","","Globicephala","genus","36721","Late Pliocene","Early Pleistocene","3.6","0.781","35743"
"935494","occ","","","82530","Orcinus orca","species","64541","","Orcinus orca","species","64540","Late Pleistocene","","0.126","0.0117","35842"
"937670","occ","","","108316","Orcaella n. sp. heinsohni","species","183834","","Orcaella heinsohni","species","183834","Holocene","","0.0117","0","35929"
"937671","occ","","","108319","Orcaella heinsohni","species","183834","","Orcaella heinsohni","species","183834","Holocene","","0.0117","0","35929"
"937674","occ","","","108323","Orcaella heinsohni","species","183834","","Orcaella heinsohni","species","183834","Holocene","","0.0117","0","35929"
"937784","occ","","","108338","Delphinus delphis","species","64534","","Delphinus delphis","species","64534","Pliocene","","5.333","2.588","35932"
"961334","occ","","","45593","Eudelphinus compressus","species","191638","","Eudelphinus compressus","species","191638","Pliocene","","5.333","2.588","36661"
"970853","occ","","","115167","Delphinidae indet.","family","42953","","Delphinidae","family","42953","Late Pleistocene","","0.126","0.0117","37301"
"970929","occ","","","115184","Delphinidae indet.","family","42953","","Delphinidae","family","42953","Late Pleistocene","","0.126","0.0117","37303"
"1011665","occ","","","118104","Astadelphis gastaldii","species","95850","","Astadelphis gastaldii","species","63833","Zanclean","","5.333","3.6","39772"
"1011669","occ","","","123588","Astadelphis gastaldii","species","95850","","Astadelphis gastaldii","species","63833","Zanclean","","5.333","3.6","39772"
"1021247","occ","","","125083","Leucopleurus acutus","species","63822","","Leucopleurus acutus","species","102679","Holocene","","0.0117","0","40556"
"1040946","occ","28669","","127489","n. gen. Septidelphis n. sp. morii","species","267872","","Septidelphis morii","species","267872","Zanclean","Piacenzian","5.333","2.588","46792"
"1073962","occ","","","133432","aff. Tursiops sp.","genus","36865","","Tursiops","genus","36865","Pleistocene","","2.588","0.0117","42988"
"1106793","occ","","","115191","Delphinidae indet.","family","42953","","Delphinidae","family","42953","Pleistocene","","2.588","0.0117","45190"
"1182820","occ","","","45494","Delphinidae indet.","family","42953","","Delphinidae","family","42953","Zanclean","","5.333","3.6","49080"
"1190628","occ","","","117471","Delphinidae indet.","family","42953","","Delphinidae","family","42953","Zanclean","","5.333","3.6","49737"
"1190630","occ","","","117471","cf. Globicephalinae indet.","subfamily","63528","","Globicephalinae","subfamily","102698","Zanclean","","5.333","3.6","49737"
"1190969","occ","","","153827","Delphinidae ? indet.","family","42953","","Delphinidae","family","42953","Piacenzian","","3.6","2.588","49844"
"1190970","occ","","","153827","Delphinidae ? indet.","family","42953","","Delphinidae","family","42953","Piacenzian","","3.6","2.588","49844"
"1190975","occ","","","153831","Pseudorca n. sp. yuanliensis","species","287445","nomen nudum","Pseudorca","genus","36837","Piacenzian","","3.6","2.588","49904"
"1191380","occ","","","153826","Delphinidae indet.","family","42953","","Delphinidae","family","42953","Pleistocene","","2.588","0.0117","49894"
"1193379","occ","","","154229","Tursiops maugeanus","species","288410","subjective synonym of","Tursiops truncatus","species","102834","Holocene","","0.0117","0","50061"
"1205534","occ","","","77753","Delphinus (Phocaena) n. sp. uncidens","species","89208","recombined as","Globicephala uncidens","species","89208","Late Pliocene","","3.6","2.588","19136"
"1220509","occ","","","159699","Sousa n. sp. sahulensis","species","301924","","Sousa sahulensis","species","301924","Holocene","","0.0117","0","52162"
"1220633","occ","","","159709","Orcinus orca","species","64541","","Orcinus orca","species","64540","Holocene","","0.0117","0","32630"
"1220635","occ","","","159711","Tursiops truncatus","species","64472","","Tursiops truncatus","species","102834","Holocene","","0.0117","0","32630"
"1220643","occ","","","159716","Orcinus orca","species","64541","","Orcinus orca","species","64540","Holocene","","0.0117","0","32630"
"1220648","occ","","","159720","Orcinus orca","species","64541","","Orcinus orca","species","64540","Holocene","","0.0117","0","32630"
"1220657","occ","","","159727","Lagenorhynchus albirostris","species","63809","","Lagenorhynchus albirostris","species","93926","Holocene","","0.0117","0","32630"
"1220658","occ","","","159728","Orcinus orca","species","64541","","Orcinus orca","species","64540","Holocene","","0.0117","0","32630"
"1264330","occ","","","56359","Delphinidae indet.","family","42953","","Delphinidae","family","42953","Middle Pleistocene","","0.781","0.126","43001"
"1264542","occ","","","167980","Cephalorhynchus eutropia","species","82042","","Cephalorhynchus eutropia","species","82040","Holocene","","0.0117","0","54982"
"1264543","occ","","","167981","Cephalorhynchus heavisidii","species","82045","","Cephalorhynchus heavisidii","species","82044","Holocene","","0.0117","0","54983"
"1264544","occ","","","167982","Steno bredanensis","species","64536","","Steno bredanensis","species","63567","Holocene","","0.0117","0","54984"
"1264545","occ","","","167983","Steno bredanensis","species","64536","","Steno bredanensis","species","63567","Holocene","","0.0117","0","54984"
"1264546","occ","","","167984","Steno bredanensis","species","64536","","Steno bredanensis","species","63567","Holocene","","0.0117","0","54984"
"1264547","occ","","","167985","Steno bredanensis","species","64536","","Steno bredanensis","species","63567","Holocene","","0.0117","0","54984"
"1264548","occ","","","167987","Steno bredanensis","species","64536","","Steno bredanensis","species","63567","Holocene","","0.0117","0","54984"
"1264549","occ","","","167988","Steno bredanensis","species","64536","","Steno bredanensis","species","63567","Holocene","","0.0117","0","54984"
"1264550","occ","","","167989","Steno bredanensis","species","64536","","Steno bredanensis","species","63567","Holocene","","0.0117","0","54984"
"1264551","occ","","","167990","Steno bredanensis","species","64536","","Steno bredanensis","species","63567","Holocene","","0.0117","0","54984"
"1264552","occ","","","167991","Steno bredanensis","species","64536","","Steno bredanensis","species","63567","Holocene","","0.0117","0","54984"
"1264553","occ","","","167992","Steno bredanensis","species","64536","","Steno bredanensis","species","63567","Holocene","","0.0117","0","54984"
"1264564","occ","","","167993","Sousa teuszii","species","128812","","Sousa teuszii","species","69752","Holocene","","0.0117","0","54986"
"1265915","occ","","","168093","Tursiops truncatus","species","64472","","Tursiops truncatus","species","102834","Holocene","","0.0117","0","55061"
"1265916","occ","","","168094","Tursiops truncatus","species","64472","","Tursiops truncatus","species","102834","Holocene","","0.0117","0","55061"
"1265917","occ","","","168095","Tursiops truncatus","species","64472","","Tursiops truncatus","species","102834","Holocene","","0.0117","0","55061"
"1265918","occ","","","168096","Tursiops truncatus","species","64472","","Tursiops truncatus","species","102834","Holocene","","0.0117","0","55061"
"1265919","occ","","","168097","Tursiops truncatus","species","64472","","Tursiops truncatus","species","102834","Holocene","","0.0117","0","55061"
"1265922","occ","","","168098","Stenella attenuata","species","64533","recombined as","Delphinus attenuata","species","93945","Holocene","","0.0117","0","55062"
"1265923","occ","","","168099","Stenella attenuata","species","64533","recombined as","Delphinus attenuata","species","93945","Holocene","","0.0117","0","55062"
"1265924","occ","","","168100","Stenella attenuata","species","64533","recombined as","Delphinus attenuata","species","93945","Holocene","","0.0117","0","55062"
"1265925","occ","","","168101","Stenella attenuata","species","64533","recombined as","Delphinus attenuata","species","93945","Holocene","","0.0117","0","55062"
"1265926","occ","","","168102","Stenella attenuata","species","64533","recombined as","Delphinus attenuata","species","93945","Holocene","","0.0117","0","55062"
"1265927","occ","","","168103","Stenella attenuata","species","64533","recombined as","Delphinus attenuata","species","93945","Holocene","","0.0117","0","55062"
"1265928","occ","","","168104","Delphinus delphis","species","64534","","Delphinus delphis","species","64534","Holocene","","0.0117","0","55063"
"1265929","occ","","","168105","Delphinus delphis","species","64534","","Delphinus delphis","species","64534","Holocene","","0.0117","0","55063"
"1265930","occ","","","168106","Delphinus delphis","species","64534","","Delphinus delphis","species","64534","Holocene","","0.0117","0","55063"
"1265931","occ","","","168107","Delphinus delphis","species","64534","","Delphinus delphis","species","64534","Holocene","","0.0117","0","55063"
"1265935","occ","","","168108","Delphinus delphis","species","64534","","Delphinus delphis","species","64534","Holocene","","0.0117","0","55063"
"1265936","occ","","","168109","Delphinus delphis","species","64534","","Delphinus delphis","species","64534","Holocene","","0.0117","0","55063"
"1265937","occ","","","168110","Delphinus delphis","species","64534","","Delphinus delphis","species","64534","Holocene","","0.0117","0","55063"
"1266011","occ","","","168113","Lagenodelphis hosei","species","63574","","Lagenodelphis hosei","species","63574","Holocene","","0.0117","0","55075"
"1266012","occ","","","168114","Lagenodelphis hosei","species","63574","","Lagenodelphis hosei","species","63574","Holocene","","0.0117","0","55075"
"1266013","occ","","","168115","Lagenodelphis hosei","species","63574","","Lagenodelphis hosei","species","63574","Holocene","","0.0117","0","55075"
"1266014","occ","","","168116","Lagenodelphis hosei","species","63574","","Lagenodelphis hosei","species","63574","Holocene","","0.0117","0","55075"
"1266015","occ","","","168117","Lagenodelphis hosei","species","63574","","Lagenodelphis hosei","species","63574","Holocene","","0.0117","0","55075"
"1266016","occ","","","168118","Lagenodelphis hosei","species","63574","","Lagenodelphis hosei","species","63574","Holocene","","0.0117","0","55075"
"1266017","occ","","","168119","Lagenodelphis hosei","species","63574","","Lagenodelphis hosei","species","63574","Holocene","","0.0117","0","55075"
"1266018","occ","","","168120","Lagenodelphis hosei","species","63574","","Lagenodelphis hosei","species","63574","Holocene","","0.0117","0","55075"
"1266019","occ","","","168122","Lagenodelphis hosei","species","63574","","Lagenodelphis hosei","species","63574","Holocene","","0.0117","0","55075"
"1266020","occ","","","168121","Lagenodelphis hosei","species","63574","","Lagenodelphis hosei","species","63574","Holocene","","0.0117","0","55075"
"1266021","occ","","","168123","Lagenorhynchus albirostris","species","63809","","Lagenorhynchus albirostris","species","93926","Holocene","","0.0117","0","55077"
"1266022","occ","","","168124","Lagenorhynchus albirostris","species","63809","","Lagenorhynchus albirostris","species","93926","Holocene","","0.0117","0","55077"
"1266023","occ","","","168125","Lagenorhynchus albirostris","species","63809","","Lagenorhynchus albirostris","species","93926","Holocene","","0.0117","0","55077"
"1266024","occ","","","168126","Lagenorhynchus australis","species","82069","invalid subgroup of","Lissodelphininae","subfamily","63525","Holocene","","0.0117","0","55077"
"1266025","occ","","","168127","Lagenorhynchus australis","species","82069","invalid subgroup of","Lissodelphininae","subfamily","63525","Holocene","","0.0117","0","55077"
"1266026","occ","","","168128","Lagenorhynchus australis","species","82069","invalid subgroup of","Lissodelphininae","subfamily","63525","Holocene","","0.0117","0","55077"
"1266027","occ","","","168129","Lagenorhynchus obliquidens","species","63815","invalid subgroup of","Lissodelphininae","subfamily","63525","Holocene","","0.0117","0","55077"
"1266028","occ","","","168130","Lagenorhynchus obliquidens","species","63815","invalid subgroup of","Lissodelphininae","subfamily","63525","Holocene","","0.0117","0","55077"
"1266029","occ","","","168131","Lagenorhynchus cruciger","species","63811","invalid subgroup of","Lissodelphininae","subfamily","63525","Holocene","","0.0117","0","55077"
"1266030","occ","","","168133","Lagenorhynchus cruciger","species","63811","invalid subgroup of","Lissodelphininae","subfamily","63525","Holocene","","0.0117","0","55077"
"1266031","occ","","","168134","Lissodelphis peronii","species","82071","","Lissodelphis peronii","species","82070","Holocene","","0.0117","0","55078"
"1266032","occ","","","168135","Lissodelphis peronii","species","82071","","Lissodelphis peronii","species","82070","Holocene","","0.0117","0","55078"
"1266033","occ","","","168136","Lissodelphis peronii","species","82071","","Lissodelphis peronii","species","82070","Holocene","","0.0117","0","55078"
"1266034","occ","","","168137","Lissodelphis peronii","species","82071","","Lissodelphis peronii","species","82070","Holocene","","0.0117","0","55078"
"1266035","occ","","","168138","Lissodelphis peronii","species","82071","","Lissodelphis peronii","species","82070","Holocene","","0.0117","0","55078"
"1266036","occ","","","168139","Lissodelphis peronii","species","82071","","Lissodelphis peronii","species","82070","Holocene","","0.0117","0","55078"
"1266037","occ","","","168141","Lissodelphis borealis","species","63572","","Lissodelphis borealis","species","63571","Holocene","","0.0117","0","55078"
"1266038","occ","","","168140","Lissodelphis borealis","species","63572","","Lissodelphis borealis","species","63571","Holocene","","0.0117","0","55078"
"1266042","occ","","","168142","Grampus griseus","species","63557","","Grampus griseus","species","63556","Holocene","","0.0117","0","55079"
"1266043","occ","","","168143","Grampus griseus","species","63557","","Grampus griseus","species","63556","Holocene","","0.0117","0","55079"
"1266044","occ","","","168144","Grampus griseus","species","63557","","Grampus griseus","species","63556","Holocene","","0.0117","0","55079"
"1266045","occ","","","168145","Grampus griseus","species","63557","","Grampus griseus","species","63556","Holocene","","0.0117","0","55079"
"1266046","occ","","","168146","Grampus griseus","species","63557","","Grampus griseus","species","63556","Holocene","","0.0117","0","55079"
"1266048","occ","","","168147","Grampus griseus","species","63557","","Grampus griseus","species","63556","Holocene","","0.0117","0","55079"
"1266049","occ","","","168148","Grampus griseus","species","63557","","Grampus griseus","species","63556","Holocene","","0.0117","0","55079"
"1266050","occ","","","168149","Grampus griseus","species","63557","","Grampus griseus","species","63556","Holocene","","0.0117","0","55079"
"1266051","occ","","","168150","Grampus griseus","species","63557","","Grampus griseus","species","63556","Holocene","","0.0117","0","55079"
"1266052","occ","","","168151","Grampus griseus","species","63557","","Grampus griseus","species","63556","Holocene","","0.0117","0","55079"
"1266053","occ","","","168152","Grampus griseus","species","63557","","Grampus griseus","species","63556","Holocene","","0.0117","0","55079"
"1266054","occ","","","168153","Peponocephala electra","species","63581","","Peponocephala electra","species","63580","Holocene","","0.0117","0","25906"
"1266055","occ","","","168154","Peponocephala electra","species","63581","","Peponocephala electra","species","63580","Holocene","","0.0117","0","25906"
"1266056","occ","","","168155","Peponocephala electra","species","63581","","Peponocephala electra","species","63580","Holocene","","0.0117","0","25906"
"1266057","occ","","","168156","Peponocephala electra","species","63581","","Peponocephala electra","species","63580","Holocene","","0.0117","0","25906"
"1266058","occ","","","168157","Peponocephala electra","species","63581","","Peponocephala electra","species","63580","Holocene","","0.0117","0","25906"
"1266059","occ","","","168158","Peponocephala electra","species","63581","","Peponocephala electra","species","63580","Holocene","","0.0117","0","25906"
"1266060","occ","","","168159","Peponocephala electra","species","63581","","Peponocephala electra","species","63580","Holocene","","0.0117","0","25906"
"1266061","occ","","","168160","Peponocephala electra","species","63581","","Peponocephala electra","species","63580","Holocene","","0.0117","0","25906"
"1266062","occ","","","168161","Peponocephala electra","species","63581","","Peponocephala electra","species","63580","Holocene","","0.0117","0","25906"
"1266063","occ","","","168162","Peponocephala electra","species","63581","","Peponocephala electra","species","63580","Holocene","","0.0117","0","25906"
"1266064","occ","","","168163","Feresa attenuata","species","63583","","Feresa attenuata","species","63583","Holocene","","0.0117","0","55081"
"1266065","occ","","","168165","Feresa attenuata","species","63583","","Feresa attenuata","species","63583","Holocene","","0.0117","0","55081"
"1266066","occ","","","168166","Feresa attenuata","species","63583","","Feresa attenuata","species","63583","Holocene","","0.0117","0","55081"
"1266067","occ","","","168167","Feresa attenuata","species","63583","","Feresa attenuata","species","63583","Holocene","","0.0117","0","55081"
"1266069","occ","","","168168","Feresa attenuata","species","63583","","Feresa attenuata","species","63583","Holocene","","0.0117","0","55081"
"1266070","occ","","","168170","Feresa attenuata","species","63583","","Feresa attenuata","species","63583","Holocene","","0.0117","0","55081"
"1266071","occ","","","168171","Feresa attenuata","species","63583","","Feresa attenuata","species","63583","Holocene","","0.0117","0","55081"
"1266072","occ","","","168172","Feresa attenuata","species","63583","","Feresa attenuata","species","63583","Holocene","","0.0117","0","55081"
"1266073","occ","","","168174","Feresa attenuata","species","63583","","Feresa attenuata","species","63583","Holocene","","0.0117","0","55081"
"1266074","occ","","","168173","Feresa attenuata","species","63583","","Feresa attenuata","species","63583","Holocene","","0.0117","0","55081"
"1266075","occ","","","168175","Pseudorca crassidens","species","64544","","Pseudorca crassidens","species","64543","Holocene","","0.0117","0","55081"
"1266076","occ","","","168176","Pseudorca crassidens","species","64544","","Pseudorca crassidens","species","64543","Holocene","","0.0117","0","55081"
"1266077","occ","","","168178","Pseudorca crassidens","species","64544","","Pseudorca crassidens","species","64543","Holocene","","0.0117","0","55081"
"1266078","occ","","","168179","Pseudorca crassidens","species","64544","","Pseudorca crassidens","species","64543","Holocene","","0.0117","0","55081"
"1266079","occ","","","168180","Pseudorca crassidens","species","64544","","Pseudorca crassidens","species","64543","Holocene","","0.0117","0","55081"
"1266080","occ","","","168181","Pseudorca crassidens","species","64544","","Pseudorca crassidens","species","64543","Holocene","","0.0117","0","55081"
"1266081","occ","","","168182","Pseudorca crassidens","species","64544","","Pseudorca crassidens","species","64543","Holocene","","0.0117","0","55081"
"1266082","occ","","","168183","Pseudorca crassidens","species","64544","","Pseudorca crassidens","species","64543","Holocene","","0.0117","0","55081"
"1266083","occ","","","168184","Pseudorca crassidens","species","64544","","Pseudorca crassidens","species","64543","Holocene","","0.0117","0","55081"
"1266084","occ","","","168185","Pseudorca crassidens","species","64544","","Pseudorca crassidens","species","64543","Holocene","","0.0117","0","55081"
"1266085","occ","","","168186","Pseudorca crassidens","species","64544","","Pseudorca crassidens","species","64543","Holocene","","0.0117","0","55081"
"1266089","occ","","","168193","Orcinus orca","species","64541","","Orcinus orca","species","64540","Holocene","","0.0117","0","55082"
"1266090","occ","","","168194","Orcinus orca","species","64541","","Orcinus orca","species","64540","Holocene","","0.0117","0","55082"
"1266091","occ","","","168195","Orcinus orca","species","64541","","Orcinus orca","species","64540","Holocene","","0.0117","0","55082"
"1266092","occ","","","168196","Orcinus orca","species","64541","","Orcinus orca","species","64540","Holocene","","0.0117","0","55082"
"1266094","occ","","","168197","Orcinus orca","species","64541","","Orcinus orca","species","64540","Holocene","","0.0117","0","55082"
"1266095","occ","","","168198","Orcinus orca","species","64541","","Orcinus orca","species","64540","Holocene","","0.0117","0","55082"
"1266096","occ","","","168199","Orcinus orca","species","64541","","Orcinus orca","species","64540","Holocene","","0.0117","0","55082"
"1266097","occ","","","168200","Orcinus orca","species","64541","","Orcinus orca","species","64540","Holocene","","0.0117","0","55082"
"1266098","occ","","","168201","Orcinus orca","species","64541","","Orcinus orca","species","64540","Holocene","","0.0117","0","55082"
"1266100","occ","","","168205","Orcinus orca","species","64541","","Orcinus orca","species","64540","Holocene","","0.0117","0","55082"
"1266101","occ","","","168202","Orcinus orca","species","64541","","Orcinus orca","species","64540","Holocene","","0.0117","0","55082"
"1266102","occ","","","168203","Orcinus orca","species","64541","","Orcinus orca","species","64540","Holocene","","0.0117","0","55082"
"1266103","occ","","","168204","Orcinus orca","species","64541","","Orcinus orca","species","64540","Holocene","","0.0117","0","55082"
"1266105","occ","","","168206","Globicephala melas","species","64474","","Globicephala melas","species","64473","Holocene","","0.0117","0","55082"
"1266106","occ","","","168207","Globicephala melas","species","64474","","Globicephala melas","species","64473","Holocene","","0.0117","0","55082"
"1266107","occ","","","168208","Globicephala melas","species","64474","","Globicephala melas","species","64473","Holocene","","0.0117","0","55082"
"1266109","occ","","","168209","Globicephala macrorhynchus","species","69995","","Globicephala macrorhynchus","species","69994","Holocene","","0.0117","0","55082"
"1266110","occ","","","168210","Globicephala macrorhynchus","species","69995","","Globicephala macrorhynchus","species","69994","Holocene","","0.0117","0","55082"
"1266111","occ","","","168211","Globicephala macrorhynchus","species","69995","","Globicephala macrorhynchus","species","69994","Holocene","","0.0117","0","55082"
"1266112","occ","","","168212","Globicephala macrorhynchus","species","69995","","Globicephala macrorhynchus","species","69994","Holocene","","0.0117","0","55082"
"1266115","occ","","","168213","Globicephala macrorhynchus","species","69995","","Globicephala macrorhynchus","species","69994","Holocene","","0.0117","0","55082"
"1266116","occ","","","168215","Globicephala macrorhynchus","species","69995","","Globicephala macrorhynchus","species","69994","Holocene","","0.0117","0","55082"
"1266117","occ","","","168216","Globicephala macrorhynchus","species","69995","","Globicephala macrorhynchus","species","69994","Holocene","","0.0117","0","55082"
"1266118","occ","","","168217","Globicephala macrorhynchus","species","69995","","Globicephala macrorhynchus","species","69994","Holocene","","0.0117","0","55082"
"1266119","occ","","","168219","Globicephala macrorhynchus","species","69995","","Globicephala macrorhynchus","species","69994","Holocene","","0.0117","0","55082"
"1266120","occ","","","168218","Globicephala macrorhynchus","species","69995","","Globicephala macrorhynchus","species","69994","Holocene","","0.0117","0","55082"
"1266218","occ","","","168229","Orcaella brevirostris","species","108775","","Orcaella brevirostris","species","63582","Holocene","","0.0117","0","55090"
"1266219","occ","","","168227","Orcaella brevirostris","species","108775","","Orcaella brevirostris","species","63582","Holocene","","0.0117","0","55090"
"1266220","occ","","","168228","Orcaella brevirostris","species","108775","","Orcaella brevirostris","species","63582","Holocene","","0.0117","0","55090"
"1299763","occ","","","173562","Globicephalinae indet.","subfamily","63528","","Globicephalinae","subfamily","102698","Zanclean","","5.333","3.6","56571"
"1299766","occ","","","173563","Globicephalinae indet.","subfamily","63528","","Globicephalinae","subfamily","102698","Zanclean","","5.333","3.6","56571"
"1308482","occ","","","175523","Delphinidae indet.","family","42953","","Delphinidae","family","42953","Holocene","","0.0117","0","57380"
"1308483","occ","","","175523","Delphinus delphis","species","64534","","Delphinus delphis","species","64534","Holocene","","0.0117","0","57380"
"1308484","occ","","","175523","Grampus griseus","species","63557","","Grampus griseus","species","63556","Holocene","","0.0117","0","57380"
"1308511","occ","","","100313","Delphinidae indet.","family","42953","","Delphinidae","family","42953","Zanclean","","5.333","3.6","57380"
"1310815","occ","","","175943","Orcinus orca","species","64541","","Orcinus orca","species","64540","Holocene","","0.0117","0","57684"
"1332561","occ","","","179577","Delphinidae indet.","family","42953","","Delphinidae","family","42953","Holocene","","0.0117","0","59464"
"1332562","occ","","","179577","Delphinus delphis","species","64534","","Delphinus delphis","species","64534","Holocene","","0.0117","0","59464"
"1332563","occ","","","179577","Tursiops truncatus","species","64472","","Tursiops truncatus","species","102834","Holocene","","0.0117","0","59464"
"1332564","occ","","","179577","cf. Stenella sp.","genus","102903","","Stenella","genus","36854","Holocene","","0.0117","0","59464"
"1350839","occ","","","125187","Orca sp.","genus","66120","replaced by","Orcinus","genus","36787","Zanclean","","5.333","3.6","61139"
"1353593","occ","","","183532","Delphinus sp.","genus","36703","","Delphinus","genus","36703","Miocene","","23.03","5.333","60839"
"1353594","occ","","","183533","Delphinidae indet.","family","42953","","Delphinidae","family","42953","Late Miocene","","11.608","5.333","60839"
"1353624","occ","","","60256","Delphinidae indet.","family","42953","","Delphinidae","family","42953","Serravallian","","13.82","11.62","60839"
"1353659","occ","","","183536","Delphinus sp.","genus","36703","","Delphinus","genus","36703","Miocene","","23.03","5.333","60839"
"1353661","occ","","","76502","Delphinus sp.","genus","36703","","Delphinus","genus","36703","Pliocene","","5.333","2.588","60839"
